{"mean":{"confidence_interval":{"confidence_level":0.95,"lower_bound":2925754.564335047,"upper_bound":3128954.1633167635},"point_estimate":3031940.36814324,"standard_error":52083.89150581923},"median":{"confidence_interval":{"confidence_level":0.95,"lower_bound":3170612.85909559,"upper_bound":3207932.570138539},"point_estimate":3194359.4688280895,"standard_error":10098.77079569052}}