{"mean":{"confidence_interval":{"confidence_level":0.95,"lower_bound":295309644.55,"upper_bound":297395622.775},"point_estimate":296263163.0,"standard_error":531945.8545011407},"median":{"confidence_interval":{"confidence_level":0.95,"lower_bound":294216400.0,"upper_bound":295759600.0},"point_estimate":294953400.0,"standard_error":412126.3376152349},"median_abs_dev":{"confidence_interval":{"confidence_level":0.95,"lower_bound":2209073.9607810974,"upper_bound":3768917.3930883408},"point_estimate":2996853.4567952156,"standard_error":387955.39680819254},"slope":null,"std_dev":{"confidence_interval":{"confidence_level":0.95,"lower_bound":3212431.050720191,"upper_bound":7230677.893680551},"point_estimate":5342839.607138424,"standard_error":1030528.078321798}}