{"mean":{"confidence_interval":{"confidence_level":0.95,"lower_bound":903105.4174243291,"upper_bound":936473.6037907706},"point_estimate":920598.8915161656,"standard_error":8511.080273290314},"median":{"confidence_interval":{"confidence_level":0.95,"lower_bound":937205.1842431603,"upper_bound":943057.3882527632},"point_estimate":940001.0275210582,"standard_error":1577.6227518217045}}