{"mean":{"confidence_interval":{"confidence_level":0.95,"lower_bound":881471.4829937994,"upper_bound":934506.7678610453},"point_estimate":908447.6383401781,"standard_error":13549.927422145704},"median":{"confidence_interval":{"confidence_level":0.95,"lower_bound":950862.0852994908,"upper_bound":982201.5720032009},"point_estimate":970768.5221458768,"standard_error":7816.652176907764}}