{"mean":{"confidence_interval":{"confidence_level":0.95,"lower_bound":1528051.0431875733,"upper_bound":1668625.890355887},"point_estimate":1595726.0449546704,"standard_error":35897.77352637222},"median":{"confidence_interval":{"confidence_level":0.95,"lower_bound":1655860.8368537328,"upper_bound":1725619.15457549},"point_estimate":1683450.7976005038,"standard_error":18725.263478155524}}