{"mean":{"confidence_interval":{"confidence_level":0.95,"lower_bound":2875768.8356168177,"upper_bound":3091645.3500040798},"point_estimate":2987545.15549419,"standard_error":55197.07184725104},"median":{"confidence_interval":{"confidence_level":0.95,"lower_bound":3184270.59548157,"upper_bound":3207819.3984112334},"point_estimate":3194656.4912978285,"standard_error":5988.251976921845}}