{"mean":{"confidence_interval":{"confidence_level":0.95,"lower_bound":1954489.7796929951,"upper_bound":2016003.6775245925},"point_estimate":1987800.034013261,"standard_error":15851.120640103863},"median":{"confidence_interval":{"confidence_level":0.95,"lower_bound":2029490.0437364026,"upper_bound":2039524.8686338586},"point_estimate":2034814.1616614596,"standard_error":2619.073209044032}}