{"mean":{"confidence_interval":{"confidence_level":0.95,"lower_bound":1046905.728324715,"upper_bound":1070682.2219321013},"point_estimate":1060023.5947455314,"standard_error":6095.651315642827},"median":{"confidence_interval":{"confidence_level":0.95,"lower_bound":1068280.1900204243,"upper_bound":1075919.231215357},"point_estimate":1071735.0518012352,"standard_error":2004.9573832881963}}