{"mean":{"confidence_interval":{"confidence_level":0.95,"lower_bound":-0.3529004039932407,"upper_bound":-0.2812626775935951},"point_estimate":-0.31797829918847553,"standard_error":0.018301798569589016},"median":{"confidence_interval":{"confidence_level":0.95,"lower_bound":-0.2962673691000446,"upper_bound":-0.2442300646039649},"point_estimate":-0.2692571727583548,"standard_error":0.013290406605353751}}