{"mean":{"confidence_interval":{"confidence_level":0.95,"lower_bound":330524723.85,"upper_bound":335147837.0},"point_estimate":332800948.0,"standard_error":1174823.9047730975},"median":{"confidence_interval":{"confidence_level":0.95,"lower_bound":329284000.0,"upper_bound":333085750.0},"point_estimate":330880850.0,"standard_error":1183248.3832601972},"median_abs_dev":{"confidence_interval":{"confidence_level":0.95,"lower_bound":4647357.877492905,"upper_bound":8627471.63683176},"point_estimate":6289263.218343258,"standard_error":1052902.9632589296},"slope":null,"std_dev":{"confidence_interval":{"confidence_level":0.95,"lower_bound":7570938.406109712,"upper_bound":15766954.283275729},"point_estimate":11789884.331527771,"standard_error":2118220.728249449}}