{"mean":{"confidence_interval":{"confidence_level":0.95,"lower_bound":193982815.0,"upper_bound":205376895.0},"point_estimate":199163847.0,"standard_error":2920305.9578208723},"median":{"confidence_interval":{"confidence_level":0.95,"lower_bound":184867700.0,"upper_bound":190655400.0},"point_estimate":186716550.0,"standard_error":1629289.225293185},"median_abs_dev":{"confidence_interval":{"confidence_level":0.95,"lower_bound":5077460.129857063,"upper_bound":15381085.166931152},"point_estimate":7828795.031011105,"standard_error":2616814.318056011},"slope":null,"std_dev":{"confidence_interval":{"confidence_level":0.95,"lower_bound":16543110.47694844,"upper_bound":42483074.90174238},"point_estimate":29305745.8086758,"standard_error":7209457.95493878}}