{"mean":{"confidence_interval":{"confidence_level":0.95,"lower_bound":-0.04102080021936991,"upper_bound":0.003234062545271811},"point_estimate":-0.018807290131342747,"standard_error":0.011264407029032523},"median":{"confidence_interval":{"confidence_level":0.95,"lower_bound":-0.04390915950027707,"upper_bound":-0.015117995664512995},"point_estimate":-0.02938901860630927,"standard_error":0.0072076620502413225}}