{"mean":{"confidence_interval":{"confidence_level":0.95,"lower_bound":0.042588192741260474,"upper_bound":0.11179603953717464},"point_estimate":0.07674664222973004,"standard_error":0.0178505045531706},"median":{"confidence_interval":{"confidence_level":0.95,"lower_bound":0.045677148739381224,"upper_bound":0.11858449573091057},"point_estimate":0.09386871322112844,"standard_error":0.01905210047005174}}