{"mean":{"confidence_interval":{"confidence_level":0.95,"lower_bound":-0.016906695585267695,"upper_bound":0.0611013777575726},"point_estimate":0.022612028001885776,"standard_error":0.01984279258477207},"median":{"confidence_interval":{"confidence_level":0.95,"lower_bound":-0.06179719615298218,"upper_bound":0.08547437160184312},"point_estimate":0.015464327518064369,"standard_error":0.03798218018661627}}