{"mean":{"confidence_interval":{"confidence_level":0.95,"lower_bound":-0.011241414037557518,"upper_bound":0.04607120644979486},"point_estimate":0.016796970734108685,"standard_error":0.01470040436435354},"median":{"confidence_interval":{"confidence_level":0.95,"lower_bound":0.008732388783433187,"upper_bound":0.10086103250757716},"point_estimate":0.06704816672188874,"standard_error":0.024844160206393715}}