{"mean":{"confidence_interval":{"confidence_level":0.95,"lower_bound":-0.0008565590937786317,"upper_bound":0.11028112963224139},"point_estimate":0.05680730962943503,"standard_error":0.028336383144612384},"median":{"confidence_interval":{"confidence_level":0.95,"lower_bound":-0.017434900221597216,"upper_bound":0.13578912734145931},"point_estimate":0.04095585355608922,"standard_error":0.039523168807732025}}