{"mean":{"confidence_interval":{"confidence_level":0.95,"lower_bound":900890.7785647836,"upper_bound":963700.87357189},"point_estimate":933410.9012452209,"standard_error":16240.335828825848},"median":{"confidence_interval":{"confidence_level":0.95,"lower_bound":886069.1983093871,"upper_bound":928849.9153328694},"point_estimate":908924.4978318958,"standard_error":10951.692887232712}}