{"mean":{"confidence_interval":{"confidence_level":0.95,"lower_bound":84167018.525,"upper_bound":85144862.75},"point_estimate":84579267.0,"standard_error":253988.5025721328},"median":{"confidence_interval":{"confidence_level":0.95,"lower_bound":83835200.0,"upper_bound":84332900.0},"point_estimate":84055050.0,"standard_error":141053.11363066835},"median_abs_dev":{"confidence_interval":{"confidence_level":0.95,"lower_bound":806534.3856811523,"upper_bound":1528041.6628718376},"point_estimate":1056723.1312394142,"standard_error":190717.9428626532},"slope":null,"std_dev":{"confidence_interval":{"confidence_level":0.95,"lower_bound":1160839.4666435027,"upper_bound":4019875.718647244},"point_estimate":2561243.34934355,"standard_error":928479.707592272}}