{"mean":{"confidence_interval":{"confidence_level":0.95,"lower_bound":337232103.0,"upper_bound":345185430.0},"point_estimate":340693479.0,"standard_error":2038763.7337275553},"median":{"confidence_interval":{"confidence_level":0.95,"lower_bound":332704000.0,"upper_bound":338798400.0},"point_estimate":335620750.0,"standard_error":1838849.1591426393},"median_abs_dev":{"confidence_interval":{"confidence_level":0.95,"lower_bound":5434914.983510971,"upper_bound":11480735.286176205},"point_estimate":8699822.515547276,"standard_error":1636587.3884903253},"slope":null,"std_dev":{"confidence_interval":{"confidence_level":0.95,"lower_bound":9358613.475580668,"upper_bound":31237064.299880072},"point_estimate":20551832.8865831,"standard_error":6140066.182672311}}