{"mean":{"confidence_interval":{"confidence_level":0.95,"lower_bound":90271875.075,"upper_bound":92092648.45},"point_estimate":91146117.0,"standard_error":464434.8993358075},"median":{"confidence_interval":{"confidence_level":0.95,"lower_bound":88724900.0,"upper_bound":90430900.0},"point_estimate":89423650.0,"standard_error":439587.54650948266},"median_abs_dev":{"confidence_interval":{"confidence_level":0.95,"lower_bound":1675560.3602528572,"upper_bound":3803536.102473736},"point_estimate":2379869.477748871,"standard_error":548209.4494188988},"slope":null,"std_dev":{"confidence_interval":{"confidence_level":0.95,"lower_bound":3578693.436412527,"upper_bound":5588966.138568025},"point_estimate":4653051.844986506,"standard_error":514097.661802153}}