{"mean":{"confidence_interval":{"confidence_level":0.95,"lower_bound":293658198.15,"upper_bound":297200960.325},"point_estimate":295365678.0,"standard_error":906305.5634080961},"median":{"confidence_interval":{"confidence_level":0.95,"lower_bound":292173950.0,"upper_bound":295654300.0},"point_estimate":294454100.0,"standard_error":945785.4190897924},"median_abs_dev":{"confidence_interval":{"confidence_level":0.95,"lower_bound":5668127.959370613,"upper_bound":10713563.929796219},"point_estimate":7798994.771540165,"standard_error":1266104.7838406186},"slope":null,"std_dev":{"confidence_interval":{"confidence_level":0.95,"lower_bound":7125550.792591846,"upper_bound":10990204.220043285},"point_estimate":9142860.171780122,"standard_error":985622.0545524441}}