{"mean":{"confidence_interval":{"confidence_level":0.95,"lower_bound":-0.22752688389637216,"upper_bound":-0.164450956511385},"point_estimate":-0.1969936465251395,"standard_error":0.016046436960327103},"median":{"confidence_interval":{"confidence_level":0.95,"lower_bound":-0.23784671048965766,"upper_bound":-0.20259352216831883},"point_estimate":-0.22217173327805684,"standard_error":0.009806915626279158}}