{"mean":{"confidence_interval":{"confidence_level":0.95,"lower_bound":854593.577861712,"upper_bound":905528.8677848561},"point_estimate":879334.061712585,"standard_error":12996.438762548003},"median":{"confidence_interval":{"confidence_level":0.95,"lower_bound":837805.5838557994,"upper_bound":894652.2590723385},"point_estimate":864603.5135135135,"standard_error":18561.621352647566},"median_abs_dev":{"confidence_interval":{"confidence_level":0.95,"lower_bound":103344.54558951006,"upper_bound":156859.5143510672},"point_estimate":138594.22808285596,"standard_error":13380.676520856563},"slope":{"confidence_interval":{"confidence_level":0.95,"lower_bound":865974.0121715191,"upper_bound":931556.2365166903},"point_estimate":897284.2479680803,"standard_error":16717.390990450367},"std_dev":{"confidence_interval":{"confidence_level":0.95,"lower_bound":107003.27076585562,"upper_bound":151222.25274892309},"point_estimate":130154.28542848681,"standard_error":11281.413901408327}}