{"mean":{"confidence_interval":{"confidence_level":0.95,"lower_bound":0.0015528140732405844,"upper_bound":0.07442349848940097},"point_estimate":0.0372978273113882,"standard_error":0.018512632580378566},"median":{"confidence_interval":{"confidence_level":0.95,"lower_bound":-0.032491274721622054,"upper_bound":0.06857614736893658},"point_estimate":0.011914825637509674,"standard_error":0.02997633267236593}}