{"mean":{"confidence_interval":{"confidence_level":0.95,"lower_bound":2502438.6894461503,"upper_bound":2542754.189309686},"point_estimate":2523461.28519514,"standard_error":10272.748004584091},"median":{"confidence_interval":{"confidence_level":0.95,"lower_bound":2506183.931072051,"upper_bound":2540853.144563014},"point_estimate":2522946.209552657,"standard_error":9853.113417944316}}