{"mean":{"confidence_interval":{"confidence_level":0.95,"lower_bound":33776327.987500004,"upper_bound":35710200.0},"point_estimate":34697067.0,"standard_error":494226.38675486686},"median":{"confidence_interval":{"confidence_level":0.95,"lower_bound":32767050.0,"upper_bound":34182500.0},"point_estimate":33320725.0,"standard_error":386399.99809894495},"median_abs_dev":{"confidence_interval":{"confidence_level":0.95,"lower_bound":2833618.2730682194,"upper_bound":4658403.24729681},"point_estimate":3660465.205013752,"standard_error":443919.0614366735},"slope":null,"std_dev":{"confidence_interval":{"confidence_level":0.95,"lower_bound":3727775.798568488,"upper_bound":6061426.583474402},"point_estimate":4971554.931678617,"standard_error":598032.4656974988}}