{"mean":{"confidence_interval":{"confidence_level":0.95,"lower_bound":2029068.735869565,"upper_bound":2092614.0934782603},"point_estimate":2059349.8695652168,"standard_error":16303.050834709433},"median":{"confidence_interval":{"confidence_level":0.95,"lower_bound":1965478.2608695652,"upper_bound":2016102.1739130435},"point_estimate":1994430.4347826089,"standard_error":11417.120082437372},"median_abs_dev":{"confidence_interval":{"confidence_level":0.95,"lower_bound":56622.42682083805,"upper_bound":118669.235719287},"point_estimate":86319.54890230467,"standard_error":15593.930761003377},"slope":null,"std_dev":{"confidence_interval":{"confidence_level":0.95,"lower_bound":131596.09420091557,"upper_bound":193089.70036581287},"point_estimate":164566.00908843032,"standard_error":15758.02639266911}}