{"mean":{"confidence_interval":{"confidence_level":0.95,"lower_bound":2004125.2492654887,"upper_bound":2071324.4012853296},"point_estimate":2043556.8999094071,"standard_error":17521.68559724194},"median":{"confidence_interval":{"confidence_level":0.95,"lower_bound":2052359.132321492,"upper_bound":2076039.7087219812},"point_estimate":2065707.3021820087,"standard_error":6583.835041972238}}