{"mean":{"confidence_interval":{"confidence_level":0.95,"lower_bound":-0.06749467426871142,"upper_bound":-0.016583546103764845},"point_estimate":-0.041254784719920834,"standard_error":0.01295670987888391},"median":{"confidence_interval":{"confidence_level":0.95,"lower_bound":-0.0720316910365274,"upper_bound":-0.007406461521265673},"point_estimate":-0.04114740804244332,"standard_error":0.01662830540073786}}