{"mean":{"confidence_interval":{"confidence_level":0.95,"lower_bound":2504668.498531573,"upper_bound":2591099.5550287967},"point_estimate":2546566.040145015,"standard_error":21926.300551026547},"median":{"confidence_interval":{"confidence_level":0.95,"lower_bound":2536109.8806531774,"upper_bound":2588330.240411852},"point_estimate":2560834.661150414,"standard_error":14796.638650144654}}