{"mean":{"confidence_interval":{"confidence_level":0.95,"lower_bound":-0.08025856363212584,"upper_bound":-0.008621889113779257},"point_estimate":-0.04478369128279269,"standard_error":0.017963311206674795},"median":{"confidence_interval":{"confidence_level":0.95,"lower_bound":-0.14924226944128416,"upper_bound":-0.022026321710732488},"point_estimate":-0.08851097378061912,"standard_error":0.03392579463728708}}