{"mean":{"confidence_interval":{"confidence_level":0.95,"lower_bound":90.16075220826914,"upper_bound":93.51895618924529},"point_estimate":91.63534546115818,"standard_error":0.8620337604349924},"median":{"confidence_interval":{"confidence_level":0.95,"lower_bound":88.79865475255302,"upper_bound":89.17037618922929},"point_estimate":88.99505909447976,"standard_error":0.09309011237035907},"median_abs_dev":{"confidence_interval":{"confidence_level":0.95,"lower_bound":0.5210745686339925,"upper_bound":1.0808425900452174},"point_estimate":0.8107629221728014,"standard_error":0.14131351464579103},"slope":{"confidence_interval":{"confidence_level":0.95,"lower_bound":89.2120822134716,"upper_bound":90.57676952135625},"point_estimate":89.82398337851161,"standard_error":0.35096964910972767},"std_dev":{"confidence_interval":{"confidence_level":0.95,"lower_bound":3.847017684983856,"upper_bound":12.740006912978687},"point_estimate":8.653548403431474,"standard_error":2.309500628290247}}