{"mean":{"confidence_interval":{"confidence_level":0.95,"lower_bound":1197213.1614591104,"upper_bound":1265213.4649346834},"point_estimate":1230792.5367507604,"standard_error":17348.75995994675},"median":{"confidence_interval":{"confidence_level":0.95,"lower_bound":1175965.083830878,"upper_bound":1243428.1358481469},"point_estimate":1196857.4365063158,"standard_error":17594.09917111415}}