{"mean":{"confidence_interval":{"confidence_level":0.95,"lower_bound":181773866.075,"upper_bound":182926221.65},"point_estimate":182303305.0,"standard_error":294389.8048428676},"median":{"confidence_interval":{"confidence_level":0.95,"lower_bound":181133300.0,"upper_bound":182224300.0},"point_estimate":181574200.0,"standard_error":303967.1599188561},"median_abs_dev":{"confidence_interval":{"confidence_level":0.95,"lower_bound":1314324.876666069,"upper_bound":2170378.1014680862},"point_estimate":1673632.980287075,"standard_error":233034.21148988485},"slope":null,"std_dev":{"confidence_interval":{"confidence_level":0.95,"lower_bound":1770747.3621101917,"upper_bound":4148694.2396784076},"point_estimate":2959402.6584811425,"standard_error":634122.8670629493}}